21:20:47,0.0,0.0,0.0,‚úÖ NORMAL FLOW
21:20:48,0.0,0.0,0.0,‚úÖ NORMAL FLOW
21:20:50,0.0,0.0,0.0,‚úÖ NORMAL FLOW
21:20:51,0.0,0.0,0.0,‚úÖ NORMAL FLOW
21:20:52,0.0,0.0,0.0,‚úÖ NORMAL FLOW
21:20:53,0.0,0.0,0.0,‚úÖ NORMAL FLOW
21:20:54,0.0,0.0,0.0,‚úÖ NORMAL FLOW
21:20:55,0.0,0.0,0.0,‚úÖ NORMAL FLOW
21:20:56,0.0,0.0,0.0,‚úÖ NORMAL FLOW
21:20:57,0.0,0.0,0.0,‚úÖ NORMAL FLOW
21:20:58,0.0,0.0,0.0,‚úÖ NORMAL FLOW
21:20:59,0.0,0.0,0.0,‚úÖ NORMAL FLOW
21:21:01,0.0,0.0,0.0,‚úÖ NORMAL FLOW
21:21:02,0.0,0.0,0.0,‚úÖ NORMAL FLOW
21:21:03,0.0,0.0,0.0,‚úÖ NORMAL FLOW
21:21:04,0.0,0.0,0.0,‚úÖ NORMAL FLOW
21:21:05,0.0,0.0,0.0,‚úÖ NORMAL FLOW
21:21:06,0.0,0.0,0.0,‚úÖ NORMAL FLOW
21:21:07,0.0,0.0,0.0,‚úÖ NORMAL FLOW
21:21:08,0.0,0.0,0.0,‚úÖ NORMAL FLOW
21:21:09,0.0,0.0,0.0,‚úÖ NORMAL FLOW
21:21:10,0.0,0.0,0.0,‚úÖ NORMAL FLOW
21:21:11,0.0,0.0,0.0,‚úÖ NORMAL FLOW
21:21:12,0.0,0.0,0.0,‚úÖ NORMAL FLOW
21:21:14,0.0,0.0,0.0,‚úÖ NORMAL FLOW
21:21:15,0.0,0.0,0.0,‚úÖ NORMAL FLOW
21:21:16,0.0,0.0,0.0,‚úÖ NORMAL FLOW
21:21:17,0.0,0.0,0.0,‚úÖ NORMAL FLOW
21:21:18,0.0,0.0,0.0,‚úÖ NORMAL FLOW
21:21:19,0.0,0.0,0.0,‚úÖ NORMAL FLOW
21:21:20,0.0,0.0,0.0,‚úÖ NORMAL FLOW
21:21:21,0.0,0.0,0.0,‚úÖ NORMAL FLOW
21:21:22,0.0,0.0,0.0,‚úÖ NORMAL FLOW
21:21:23,0.0,0.0,0.0,‚úÖ NORMAL FLOW
21:21:24,0.0,0.0,0.0,‚úÖ NORMAL FLOW
21:21:25,0.0,0.0,0.0,‚úÖ NORMAL FLOW
21:21:26,0.0,0.0,0.0,‚úÖ NORMAL FLOW
21:21:27,0.0,0.0,0.0,‚úÖ NORMAL FLOW
21:21:28,0.0,0.0,0.0,‚úÖ NORMAL FLOW
21:21:29,0.0,0.0,0.0,‚úÖ NORMAL FLOW
21:21:30,0.0,0.0,0.0,‚úÖ NORMAL FLOW
21:21:31,0.0,0.0,0.0,‚úÖ NORMAL FLOW
21:21:33,0.0,0.0,0.0,‚úÖ NORMAL FLOW
21:21:35,0.0,0.0,0.0,‚úÖ NORMAL FLOW
21:21:36,0.0,0.0,0.0,‚úÖ NORMAL FLOW
21:21:37,0.0,0.0,0.0,‚úÖ NORMAL FLOW
21:21:38,0.0,0.0,0.0,‚úÖ NORMAL FLOW
21:21:39,0.0,0.0,0.0,‚úÖ NORMAL FLOW
21:21:40,0.0,0.0,0.0,‚úÖ NORMAL FLOW
21:21:41,0.0,0.0,0.0,‚úÖ NORMAL FLOW
21:21:42,0.0,0.0,0.0,‚úÖ NORMAL FLOW
21:21:43,0.0,0.0,0.0,‚úÖ NORMAL FLOW
21:21:44,0.0,0.0,0.0,‚úÖ NORMAL FLOW
21:21:45,0.0,0.0,0.0,‚úÖ NORMAL FLOW
21:21:46,0.0,0.0,0.0,‚úÖ NORMAL FLOW
21:21:47,0.0,0.0,0.0,‚úÖ NORMAL FLOW
21:21:48,0.0,0.0,0.0,‚úÖ NORMAL FLOW
21:21:49,0.0,0.0,0.0,‚úÖ NORMAL FLOW
21:21:50,0.0,0.0,0.0,‚úÖ NORMAL FLOW
21:21:51,0.0,0.0,0.0,‚úÖ NORMAL FLOW
21:21:52,0.0,0.0,0.0,‚úÖ NORMAL FLOW
21:21:53,0.0,0.0,0.0,‚úÖ NORMAL FLOW
21:21:54,0.0,0.0,0.0,‚úÖ NORMAL FLOW
21:21:56,0.0,0.0,0.0,‚úÖ NORMAL FLOW
21:21:57,0.0,0.0,0.0,‚úÖ NORMAL FLOW
21:21:58,0.0,0.0,0.0,‚úÖ NORMAL FLOW
21:21:59,0.0,0.0,0.0,‚úÖ NORMAL FLOW
21:22:00,0.0,0.0,0.0,‚úÖ NORMAL FLOW
21:22:01,0.0,0.0,0.0,‚úÖ NORMAL FLOW
21:22:02,0.0,0.0,0.0,‚úÖ NORMAL FLOW
21:22:03,0.0,0.0,0.0,‚úÖ NORMAL FLOW
21:22:04,0.0,0.0,0.0,‚úÖ NORMAL FLOW
21:22:05,0.0,0.0,0.0,‚úÖ NORMAL FLOW
21:22:07,0.0,0.0,0.0,‚úÖ NORMAL FLOW
21:22:08,0.0,0.0,0.0,‚úÖ NORMAL FLOW
21:22:09,0.0,0.0,0.0,‚úÖ NORMAL FLOW
21:22:10,0.0,0.0,0.0,‚úÖ NORMAL FLOW
21:22:11,0.0,0.0,0.0,‚úÖ NORMAL FLOW
21:22:12,0.0,0.0,0.0,‚úÖ NORMAL FLOW
21:22:13,0.0,0.0,0.0,‚úÖ NORMAL FLOW
21:22:14,0.0,0.0,0.0,‚úÖ NORMAL FLOW
21:22:15,0.0,0.0,0.0,‚úÖ NORMAL FLOW
21:22:16,0.0,0.0,0.0,‚úÖ NORMAL FLOW
21:22:17,0.0,0.0,0.0,‚úÖ NORMAL FLOW
21:22:18,0.0,0.0,0.0,‚úÖ NORMAL FLOW
21:22:19,0.0,0.0,0.0,‚úÖ NORMAL FLOW
21:22:21,0.0,0.0,0.0,‚úÖ NORMAL FLOW
21:22:22,0.0,0.0,0.0,‚úÖ NORMAL FLOW
21:22:23,0.0,0.0,0.0,‚úÖ NORMAL FLOW
21:22:24,0.0,0.0,0.0,‚úÖ NORMAL FLOW
21:22:25,0.0,0.0,0.0,‚úÖ NORMAL FLOW
21:22:26,0.0,0.0,0.0,‚úÖ NORMAL FLOW
21:22:27,0.0,0.0,0.0,‚úÖ NORMAL FLOW
21:22:28,0.0,0.0,0.0,‚úÖ NORMAL FLOW
21:22:29,0.0,0.0,0.0,‚úÖ NORMAL FLOW
21:22:30,0.0,0.0,0.0,‚úÖ NORMAL FLOW
21:22:31,0.0,0.0,0.0,‚úÖ NORMAL FLOW
21:22:32,0.0,0.0,0.0,‚úÖ NORMAL FLOW
21:22:33,0.0,0.0,0.0,‚úÖ NORMAL FLOW
21:22:34,0.0,0.0,0.0,‚úÖ NORMAL FLOW
21:22:35,0.0,0.0,0.0,‚úÖ NORMAL FLOW
21:22:36,0.0,0.0,0.0,‚úÖ NORMAL FLOW
21:22:37,0.0,0.0,0.0,‚úÖ NORMAL FLOW
21:22:38,0.0,0.0,0.0,‚úÖ NORMAL FLOW
21:22:39,0.0,0.0,0.0,‚úÖ NORMAL FLOW
21:22:40,0.0,0.0,0.0,‚úÖ NORMAL FLOW
21:22:41,0.0,0.0,0.0,‚úÖ NORMAL FLOW
21:22:42,0.0,0.0,0.0,‚úÖ NORMAL FLOW
21:22:44,0.0,0.0,0.0,‚úÖ NORMAL FLOW
21:22:45,0.0,0.0,0.0,‚úÖ NORMAL FLOW
21:22:46,0.0,0.0,0.0,‚úÖ NORMAL FLOW
21:22:47,0.0,0.0,0.0,‚úÖ NORMAL FLOW
21:22:48,0.0,0.0,0.0,‚úÖ NORMAL FLOW
21:22:49,0.0,0.0,0.0,‚úÖ NORMAL FLOW
21:22:50,0.0,0.0,0.0,‚úÖ NORMAL FLOW
21:22:51,0.0,0.0,0.0,‚úÖ NORMAL FLOW
21:22:52,0.0,0.0,0.0,‚úÖ NORMAL FLOW
21:23:54,0.0,19.5,-19.5,‚úÖ NORMAL FLOW
21:23:55,0.0,11.7,-11.7,‚úÖ NORMAL FLOW
21:23:56,0.0,11.27,-11.27,‚úÖ NORMAL FLOW
21:23:57,0.0,13.43,-13.43,‚úÖ NORMAL FLOW
21:23:58,0.0,0.0,0.0,‚úÖ NORMAL FLOW
21:23:59,4.5,0.0,4.5,üö® FULL BLOCKAGE
21:24:00,0.0,55.9,-55.9,‚úÖ NORMAL FLOW
21:24:01,3.37,8.67,-5.3,‚úÖ NORMAL FLOW
21:24:02,0.0,6.5,-6.5,‚úÖ NORMAL FLOW
21:24:03,16.87,47.45,-30.580000000000002,‚úÖ NORMAL FLOW
21:24:05,10.88,19.07,-8.19,‚úÖ NORMAL FLOW
21:24:06,14.25,16.9,-2.6499999999999986,‚úÖ NORMAL FLOW
21:24:07,13.5,16.47,-2.969999999999999,‚úÖ NORMAL FLOW
21:24:08,16.5,17.77,-1.2699999999999996,‚úÖ NORMAL FLOW
21:24:09,0.0,29.47,-29.47,‚úÖ NORMAL FLOW
21:24:10,21.75,18.63,3.120000000000001,üö® FULL BLOCKAGE
21:24:11,17.25,21.45,-4.199999999999999,‚úÖ NORMAL FLOW
21:24:12,17.62,18.63,-1.009999999999998,‚úÖ NORMAL FLOW
21:24:13,18.0,18.63,-0.629999999999999,‚úÖ NORMAL FLOW
21:24:14,15.75,19.93,-4.18,‚úÖ NORMAL FLOW
21:24:15,18.75,18.2,0.5500000000000007,‚úÖ NORMAL FLOW
21:24:16,16.87,18.2,-1.3299999999999983,‚úÖ NORMAL FLOW
21:24:17,33.75,20.8,12.95,üö® FULL BLOCKAGE
21:24:18,19.87,21.23,-1.3599999999999994,‚úÖ NORMAL FLOW
21:24:19,14.63,16.9,-2.269999999999998,‚úÖ NORMAL FLOW
21:24:20,11.25,15.17,-3.92,‚úÖ NORMAL FLOW
21:24:21,0.0,9.53,-9.53,‚úÖ NORMAL FLOW
21:24:22,8.25,11.7,-3.4499999999999993,‚úÖ NORMAL FLOW
21:24:23,4.5,12.13,-7.630000000000001,‚úÖ NORMAL FLOW
21:24:25,4.12,9.1,-4.9799999999999995,‚úÖ NORMAL FLOW
21:24:26,3.0,10.4,-7.4,‚úÖ NORMAL FLOW
21:24:27,7.12,11.7,-4.579999999999999,‚úÖ NORMAL FLOW
21:24:28,4.5,26.43,-21.93,‚úÖ NORMAL FLOW
21:24:29,8.63,14.73,-6.1,‚úÖ NORMAL FLOW
21:24:30,12.38,12.57,-0.1899999999999995,‚úÖ NORMAL FLOW
21:24:31,26.25,16.47,9.780000000000001,üö® FULL BLOCKAGE
21:24:32,15.0,22.1,-7.100000000000001,‚úÖ NORMAL FLOW
21:24:33,0.0,22.97,-22.97,‚úÖ NORMAL FLOW
21:24:34,0.0,20.8,-20.8,‚úÖ NORMAL FLOW
21:24:35,0.0,21.67,-21.67,‚úÖ NORMAL FLOW
21:24:36,0.0,16.47,-16.47,‚úÖ NORMAL FLOW
21:24:37,37.13,49.4,-12.269999999999996,‚úÖ NORMAL FLOW
21:24:38,26.25,39.87,-13.619999999999997,‚úÖ NORMAL FLOW
21:24:39,38.25,39.0,-0.75,‚úÖ NORMAL FLOW
21:24:40,36.75,15.6,21.15,üö® FULL BLOCKAGE
21:24:41,0.0,12.13,-12.13,‚úÖ NORMAL FLOW
21:24:43,0.0,12.57,-12.57,‚úÖ NORMAL FLOW
21:24:44,18.75,14.3,4.449999999999999,üö® FULL BLOCKAGE
21:24:45,8.63,10.83,-2.1999999999999993,‚úÖ NORMAL FLOW
21:24:46,6.75,18.2,-11.45,‚úÖ NORMAL FLOW
21:24:47,4.5,16.9,-12.399999999999999,‚úÖ NORMAL FLOW
21:24:48,5.62,13.43,-7.81,‚úÖ NORMAL FLOW
21:24:49,4.12,9.97,-5.8500000000000005,‚úÖ NORMAL FLOW
21:24:50,3.0,27.3,-24.3,‚úÖ NORMAL FLOW
21:24:51,0.0,12.13,-12.13,‚úÖ NORMAL FLOW
21:24:52,0.0,23.83,-23.83,‚úÖ NORMAL FLOW
21:24:53,0.0,12.13,-12.13,‚úÖ NORMAL FLOW
21:24:54,0.0,24.27,-24.27,‚úÖ NORMAL FLOW
21:24:55,0.0,24.7,-24.7,‚úÖ NORMAL FLOW
21:24:56,0.0,24.7,-24.7,‚úÖ NORMAL FLOW
21:24:57,0.0,39.0,-39.0,‚úÖ NORMAL FLOW
21:24:58,0.0,21.67,-21.67,‚úÖ NORMAL FLOW
21:24:59,0.0,12.13,-12.13,‚úÖ NORMAL FLOW
21:25:00,0.0,8.23,-8.23,‚úÖ NORMAL FLOW
21:25:02,0.0,7.8,-7.8,‚úÖ NORMAL FLOW
21:25:03,0.0,0.0,0.0,‚úÖ NORMAL FLOW
21:25:04,0.0,7.37,-7.37,‚úÖ NORMAL FLOW
21:25:05,0.0,2.6,-2.6,‚úÖ NORMAL FLOW
21:25:06,0.0,3.9,-3.9,‚úÖ NORMAL FLOW
21:25:07,0.0,6.5,-6.5,‚úÖ NORMAL FLOW
21:25:08,0.0,0.0,0.0,‚úÖ NORMAL FLOW
21:25:09,0.0,5.2,-5.2,‚úÖ NORMAL FLOW
21:25:10,0.0,5.2,-5.2,‚úÖ NORMAL FLOW
21:25:11,0.0,5.2,-5.2,‚úÖ NORMAL FLOW
21:25:12,0.0,4.77,-4.77,‚úÖ NORMAL FLOW
21:25:13,0.0,5.2,-5.2,‚úÖ NORMAL FLOW
21:25:14,0.0,5.2,-5.2,‚úÖ NORMAL FLOW
21:25:15,0.0,3.9,-3.9,‚úÖ NORMAL FLOW
21:25:16,0.0,0.0,0.0,‚úÖ NORMAL FLOW
21:25:17,0.0,0.0,0.0,‚úÖ NORMAL FLOW
21:31:19,0.0,0.0,0.0,‚úÖ NORMAL FLOW
21:31:20,0.0,0.0,0.0,‚úÖ NORMAL FLOW
21:31:21,0.0,0.0,0.0,‚úÖ NORMAL FLOW
21:31:22,0.0,0.0,0.0,‚úÖ NORMAL FLOW
21:31:23,0.0,0.0,0.0,‚úÖ NORMAL FLOW
21:31:24,0.0,0.0,0.0,‚úÖ NORMAL FLOW
21:31:25,0.0,0.0,0.0,‚úÖ NORMAL FLOW
21:31:27,0.0,0.0,0.0,‚úÖ NORMAL FLOW
21:31:28,0.0,0.0,0.0,‚úÖ NORMAL FLOW
21:31:29,0.0,0.0,0.0,‚úÖ NORMAL FLOW
21:31:30,0.0,0.0,0.0,‚úÖ NORMAL FLOW
21:31:31,0.0,0.0,0.0,‚úÖ NORMAL FLOW
21:31:34,4.87,15.17,-10.3,‚úÖ NORMAL FLOW
21:31:35,11.63,12.57,-0.9399999999999995,‚úÖ NORMAL FLOW
21:31:36,12.75,17.77,-5.02,‚úÖ NORMAL FLOW
21:31:37,12.75,13.87,-1.1199999999999992,‚úÖ NORMAL FLOW
21:31:38,11.25,12.57,-1.3200000000000003,‚úÖ NORMAL FLOW
21:31:40,9.75,13.0,-3.25,‚úÖ NORMAL FLOW
21:31:41,10.88,13.43,-2.549999999999999,‚úÖ NORMAL FLOW
21:31:42,11.25,14.3,-3.0500000000000007,‚úÖ NORMAL FLOW
21:31:43,12.0,13.43,-1.4299999999999997,‚úÖ NORMAL FLOW
21:31:44,13.13,15.6,-2.469999999999999,‚úÖ NORMAL FLOW
21:31:46,12.38,15.17,-2.789999999999999,‚úÖ NORMAL FLOW
21:31:47,12.0,13.0,-1.0,‚úÖ NORMAL FLOW
21:31:48,12.75,13.0,-0.25,‚úÖ NORMAL FLOW
21:31:49,12.38,11.7,0.6800000000000015,‚úÖ NORMAL FLOW
21:31:50,11.25,13.0,-1.75,‚úÖ NORMAL FLOW
21:31:52,11.63,14.3,-2.67,‚úÖ NORMAL FLOW
21:31:53,12.0,14.3,-2.3000000000000007,‚úÖ NORMAL FLOW
21:31:54,12.38,15.6,-3.219999999999999,‚úÖ NORMAL FLOW
21:31:55,12.38,14.3,-1.92,‚úÖ NORMAL FLOW
21:31:56,12.38,14.3,-1.92,‚úÖ NORMAL FLOW
21:31:58,12.38,14.3,-1.92,‚úÖ NORMAL FLOW
21:31:59,12.38,15.6,-3.219999999999999,‚úÖ NORMAL FLOW
21:32:00,11.63,12.57,-0.9399999999999995,‚úÖ NORMAL FLOW
21:32:01,9.75,13.43,-3.6799999999999997,‚úÖ NORMAL FLOW
21:32:02,10.88,13.43,-2.549999999999999,‚úÖ NORMAL FLOW
21:32:04,12.0,14.3,-2.3000000000000007,‚úÖ NORMAL FLOW
21:32:05,12.75,14.3,-1.5500000000000007,‚úÖ NORMAL FLOW
21:32:06,12.38,16.03,-3.6500000000000004,‚úÖ NORMAL FLOW
21:32:08,12.0,14.3,-2.3000000000000007,‚úÖ NORMAL FLOW
21:32:10,10.88,16.03,-5.15,‚úÖ NORMAL FLOW
21:32:11,11.25,16.03,-4.780000000000001,‚úÖ NORMAL FLOW
21:32:12,9.75,14.3,-4.550000000000001,‚úÖ NORMAL FLOW
21:32:13,10.5,16.9,-6.399999999999999,‚úÖ NORMAL FLOW
21:32:14,10.5,15.6,-5.1,‚úÖ NORMAL FLOW
21:32:16,11.63,14.3,-2.67,‚úÖ NORMAL FLOW
21:32:17,11.25,14.73,-3.4800000000000004,‚úÖ NORMAL FLOW
21:32:18,11.25,14.3,-3.0500000000000007,‚úÖ NORMAL FLOW
21:32:19,10.5,16.47,-5.969999999999999,‚úÖ NORMAL FLOW
21:32:20,11.25,16.9,-5.649999999999999,‚úÖ NORMAL FLOW
21:32:22,10.13,13.0,-2.869999999999999,‚úÖ NORMAL FLOW
21:32:23,12.38,16.03,-3.6500000000000004,‚úÖ NORMAL FLOW
21:32:24,15.38,18.2,-2.8199999999999985,‚úÖ NORMAL FLOW
21:32:25,13.88,16.9,-3.019999999999998,‚úÖ NORMAL FLOW
21:32:26,12.75,18.63,-5.879999999999999,‚úÖ NORMAL FLOW
21:32:28,10.5,15.17,-4.67,‚úÖ NORMAL FLOW
21:32:30,12.0,18.63,-6.629999999999999,‚úÖ NORMAL FLOW
21:32:31,13.13,20.8,-7.67,‚úÖ NORMAL FLOW
21:32:33,15.38,19.93,-4.549999999999999,‚úÖ NORMAL FLOW
21:32:34,11.63,19.07,-7.4399999999999995,‚úÖ NORMAL FLOW
21:32:35,11.63,16.9,-5.269999999999998,‚úÖ NORMAL FLOW
21:32:36,11.63,15.17,-3.539999999999999,‚úÖ NORMAL FLOW
21:32:37,11.25,14.3,-3.0500000000000007,‚úÖ NORMAL FLOW
21:32:38,11.63,15.6,-3.969999999999999,‚úÖ NORMAL FLOW
21:32:40,12.75,16.9,-4.149999999999999,‚úÖ NORMAL FLOW
21:32:41,13.5,17.77,-4.27,‚úÖ NORMAL FLOW
21:32:42,13.88,17.33,-3.4499999999999975,‚úÖ NORMAL FLOW
21:32:43,14.25,18.2,-3.9499999999999993,‚úÖ NORMAL FLOW
21:32:44,15.0,20.8,-5.800000000000001,‚úÖ NORMAL FLOW
21:32:45,13.13,20.8,-7.67,‚úÖ NORMAL FLOW
21:32:46,13.5,14.73,-1.2300000000000004,‚úÖ NORMAL FLOW
21:32:48,11.63,16.03,-4.4,‚úÖ NORMAL FLOW
21:32:49,10.5,14.73,-4.23,‚úÖ NORMAL FLOW
21:32:50,10.13,13.87,-3.7399999999999984,‚úÖ NORMAL FLOW
21:32:51,12.38,14.3,-1.92,‚úÖ NORMAL FLOW
21:32:52,12.75,12.57,0.17999999999999972,‚úÖ NORMAL FLOW
21:32:53,11.63,13.0,-1.3699999999999992,‚úÖ NORMAL FLOW
21:32:54,12.0,12.57,-0.5700000000000003,‚úÖ NORMAL FLOW
21:32:55,15.75,13.87,1.8800000000000008,‚ö†Ô∏è PARTIAL BLOCKAGE
21:32:56,13.13,13.0,0.13000000000000078,‚úÖ NORMAL FLOW
21:32:58,11.25,15.17,-3.92,‚úÖ NORMAL FLOW
21:32:59,11.63,14.73,-3.0999999999999996,‚úÖ NORMAL FLOW
21:33:00,12.0,19.07,-7.07,‚úÖ NORMAL FLOW
21:33:01,16.87,20.8,-3.9299999999999997,‚úÖ NORMAL FLOW
21:33:02,13.13,16.47,-3.339999999999998,‚úÖ NORMAL FLOW
21:33:03,12.0,17.77,-5.77,‚úÖ NORMAL FLOW
21:33:04,11.25,16.9,-5.649999999999999,‚úÖ NORMAL FLOW
21:33:06,12.38,16.9,-4.519999999999998,‚úÖ NORMAL FLOW
21:33:07,13.5,15.6,-2.0999999999999996,‚úÖ NORMAL FLOW
21:33:08,11.25,16.9,-5.649999999999999,‚úÖ NORMAL FLOW
21:33:09,11.25,17.33,-6.079999999999998,‚úÖ NORMAL FLOW
21:33:10,11.25,15.6,-4.35,‚úÖ NORMAL FLOW
21:33:11,18.0,15.17,2.83,üö® FULL BLOCKAGE
21:33:12,0.0,17.33,-17.33,‚úÖ NORMAL FLOW
21:33:14,22.87,16.9,5.970000000000002,üö® FULL BLOCKAGE
21:33:15,0.0,16.47,-16.47,‚úÖ NORMAL FLOW
21:33:16,18.0,17.33,0.6700000000000017,‚úÖ NORMAL FLOW
21:33:17,0.0,16.47,-16.47,‚úÖ NORMAL FLOW
21:33:18,24.37,16.9,7.470000000000002,üö® FULL BLOCKAGE
21:33:19,19.87,16.9,2.9700000000000024,üö® FULL BLOCKAGE
21:33:20,24.37,15.17,9.200000000000001,üö® FULL BLOCKAGE
21:33:21,24.75,19.93,4.82,üö® FULL BLOCKAGE
21:33:22,19.87,16.03,3.84,üö® FULL BLOCKAGE
21:33:23,13.5,16.47,-2.969999999999999,‚úÖ NORMAL FLOW
21:33:25,19.12,14.73,4.390000000000001,üö® FULL BLOCKAGE
21:33:26,9.75,14.3,-4.550000000000001,‚úÖ NORMAL FLOW
21:33:27,11.63,13.87,-2.2399999999999984,‚úÖ NORMAL FLOW
21:33:28,13.88,20.8,-6.92,‚úÖ NORMAL FLOW
21:33:29,18.56,14.3,4.259999999999998,üö® FULL BLOCKAGE
21:33:30,0.0,13.43,-13.43,‚úÖ NORMAL FLOW
21:33:31,16.12,16.03,0.08999999999999986,‚úÖ NORMAL FLOW
21:33:32,14.63,16.47,-1.839999999999998,‚úÖ NORMAL FLOW
21:33:33,17.25,16.9,0.3500000000000014,‚úÖ NORMAL FLOW
21:33:34,27.37,18.2,9.170000000000002,üö® FULL BLOCKAGE
21:33:36,0.0,16.9,-16.9,‚úÖ NORMAL FLOW
21:33:37,19.12,13.87,5.250000000000002,üö® FULL BLOCKAGE
21:33:38,34.88,16.9,17.980000000000004,üö® FULL BLOCKAGE
21:33:39,3.75,19.5,-15.75,‚úÖ NORMAL FLOW
21:33:40,12.38,19.07,-6.6899999999999995,‚úÖ NORMAL FLOW
21:33:41,18.0,15.17,2.83,üö® FULL BLOCKAGE
21:33:42,0.0,24.7,-24.7,‚úÖ NORMAL FLOW
21:33:43,23.62,19.5,4.120000000000001,üö® FULL BLOCKAGE
21:33:44,10.5,24.27,-13.77,‚úÖ NORMAL FLOW
21:33:45,9.0,22.1,-13.100000000000001,‚úÖ NORMAL FLOW
21:33:47,9.0,20.8,-11.8,‚úÖ NORMAL FLOW
21:33:48,9.38,22.1,-12.72,‚úÖ NORMAL FLOW
21:33:49,9.0,21.67,-12.670000000000002,‚úÖ NORMAL FLOW
21:33:50,9.38,16.9,-7.519999999999998,‚úÖ NORMAL FLOW
21:33:51,8.25,11.7,-3.4499999999999993,‚úÖ NORMAL FLOW
21:33:52,9.0,11.7,-2.6999999999999993,‚úÖ NORMAL FLOW
21:33:53,7.87,11.7,-3.829999999999999,‚úÖ NORMAL FLOW
21:33:54,7.5,12.57,-5.07,‚úÖ NORMAL FLOW
21:33:55,14.63,22.53,-7.9,‚úÖ NORMAL FLOW
21:33:57,13.88,19.5,-5.619999999999999,‚úÖ NORMAL FLOW
21:33:58,10.13,11.7,-1.5699999999999985,‚úÖ NORMAL FLOW
21:33:59,11.25,12.13,-0.8800000000000008,‚úÖ NORMAL FLOW
21:34:00,0.0,10.4,-10.4,‚úÖ NORMAL FLOW
21:34:01,6.75,11.27,-4.52,‚úÖ NORMAL FLOW
21:34:02,8.25,24.7,-16.45,‚úÖ NORMAL FLOW
21:34:03,11.25,24.7,-13.45,‚úÖ NORMAL FLOW
21:34:04,0.0,6.07,-6.07,‚úÖ NORMAL FLOW
21:34:05,0.0,7.8,-7.8,‚úÖ NORMAL FLOW
21:34:07,4.5,11.27,-6.77,‚úÖ NORMAL FLOW
21:34:08,4.5,58.5,-54.0,‚úÖ NORMAL FLOW
21:34:09,4.5,57.63,-53.13,‚úÖ NORMAL FLOW
21:34:10,4.5,58.93,-54.43,‚úÖ NORMAL FLOW
21:34:11,4.5,71.93,-67.43,‚úÖ NORMAL FLOW
21:34:12,4.5,68.9,-64.4,‚úÖ NORMAL FLOW
21:34:13,4.5,69.33,-64.83,‚úÖ NORMAL FLOW
21:34:14,4.5,65.87,-61.370000000000005,‚úÖ NORMAL FLOW
21:34:15,4.5,61.53,-57.03,‚úÖ NORMAL FLOW
21:34:16,4.5,69.77,-65.27,‚úÖ NORMAL FLOW
21:34:18,4.5,70.63,-66.13,‚úÖ NORMAL FLOW
21:34:19,4.5,59.37,-54.87,‚úÖ NORMAL FLOW
21:34:20,4.5,63.27,-58.77,‚úÖ NORMAL FLOW
21:34:21,4.5,59.8,-55.3,‚úÖ NORMAL FLOW
21:34:22,4.5,61.97,-57.47,‚úÖ NORMAL FLOW
21:34:23,4.5,66.3,-61.8,‚úÖ NORMAL FLOW
21:34:24,4.12,73.23,-69.11,‚úÖ NORMAL FLOW
21:34:25,3.75,67.6,-63.849999999999994,‚úÖ NORMAL FLOW
21:34:26,3.37,105.3,-101.92999999999999,‚úÖ NORMAL FLOW
21:34:27,3.37,68.03,-64.66,‚úÖ NORMAL FLOW
21:34:29,3.37,68.03,-64.66,‚úÖ NORMAL FLOW
21:34:30,3.37,68.9,-65.53,‚úÖ NORMAL FLOW
21:34:31,3.37,68.9,-65.53,‚úÖ NORMAL FLOW
21:34:32,3.37,66.73,-63.36000000000001,‚úÖ NORMAL FLOW
21:34:33,3.37,66.73,-63.36000000000001,‚úÖ NORMAL FLOW
21:34:34,3.37,66.73,-63.36000000000001,‚úÖ NORMAL FLOW
21:34:35,3.37,66.3,-62.93,‚úÖ NORMAL FLOW
21:34:36,3.37,67.17,-63.800000000000004,‚úÖ NORMAL FLOW
21:34:37,3.37,68.03,-64.66,‚úÖ NORMAL FLOW
21:34:39,3.37,53.73,-50.36,‚úÖ NORMAL FLOW
21:34:40,3.37,61.97,-58.6,‚úÖ NORMAL FLOW
21:34:41,3.37,66.3,-62.93,‚úÖ NORMAL FLOW
21:34:42,3.37,64.57,-61.199999999999996,‚úÖ NORMAL FLOW
21:34:43,3.37,63.27,-59.900000000000006,‚úÖ NORMAL FLOW
21:34:44,3.37,65.0,-61.63,‚úÖ NORMAL FLOW
21:34:45,3.37,75.4,-72.03,‚úÖ NORMAL FLOW
21:34:46,3.37,73.23,-69.86,‚úÖ NORMAL FLOW
21:34:47,3.37,66.3,-62.93,‚úÖ NORMAL FLOW
21:34:48,3.37,68.47,-65.1,‚úÖ NORMAL FLOW
21:34:50,3.37,61.1,-57.730000000000004,‚úÖ NORMAL FLOW
21:34:51,3.37,58.93,-55.56,‚úÖ NORMAL FLOW
21:34:52,3.37,60.23,-56.86,‚úÖ NORMAL FLOW
21:34:53,3.37,68.03,-64.66,‚úÖ NORMAL FLOW
21:34:54,3.37,58.93,-55.56,‚úÖ NORMAL FLOW
21:34:56,3.37,74.1,-70.72999999999999,‚úÖ NORMAL FLOW
21:34:57,3.37,69.77,-66.39999999999999,‚úÖ NORMAL FLOW
21:34:58,3.37,90.35,-86.97999999999999,‚úÖ NORMAL FLOW
21:34:59,3.37,65.43,-62.06000000000001,‚úÖ NORMAL FLOW
21:35:00,3.37,69.33,-65.96,‚úÖ NORMAL FLOW
21:35:01,3.37,64.57,-61.199999999999996,‚úÖ NORMAL FLOW
21:35:02,3.37,68.9,-65.53,‚úÖ NORMAL FLOW
21:35:04,3.37,71.5,-68.13,‚úÖ NORMAL FLOW
21:35:05,3.37,58.07,-54.7,‚úÖ NORMAL FLOW
21:35:06,3.37,59.37,-56.0,‚úÖ NORMAL FLOW
21:35:07,3.37,69.33,-65.96,‚úÖ NORMAL FLOW
21:35:08,3.37,74.53,-71.16,‚úÖ NORMAL FLOW
21:35:10,3.37,59.8,-56.43,‚úÖ NORMAL FLOW
21:35:11,3.37,66.73,-63.36000000000001,‚úÖ NORMAL FLOW
21:35:12,4.5,52.0,-47.5,‚úÖ NORMAL FLOW
21:35:25,0.0,24.7,-24.7,‚úÖ NORMAL FLOW
21:35:27,0.0,0.0,0.0,‚úÖ NORMAL FLOW
21:35:28,0.0,0.0,0.0,‚úÖ NORMAL FLOW
21:35:29,0.0,0.0,0.0,‚úÖ NORMAL FLOW
21:35:30,0.0,0.0,0.0,‚úÖ NORMAL FLOW
21:35:31,0.0,0.0,0.0,‚úÖ NORMAL FLOW
21:35:32,0.0,0.0,0.0,‚úÖ NORMAL FLOW
21:35:34,0.0,0.0,0.0,‚úÖ NORMAL FLOW
21:35:35,0.0,0.0,0.0,‚úÖ NORMAL FLOW
21:35:36,0.0,0.0,0.0,‚úÖ NORMAL FLOW
21:35:37,0.0,0.0,0.0,‚úÖ NORMAL FLOW
21:35:38,0.0,0.0,0.0,‚úÖ NORMAL FLOW
21:35:40,0.0,0.0,0.0,‚úÖ NORMAL FLOW
21:35:41,0.0,0.0,0.0,‚úÖ NORMAL FLOW
21:35:42,0.0,0.0,0.0,‚úÖ NORMAL FLOW
21:35:43,0.0,0.0,0.0,‚úÖ NORMAL FLOW
21:35:44,0.0,0.0,0.0,‚úÖ NORMAL FLOW
21:35:45,0.0,0.0,0.0,‚úÖ NORMAL FLOW
21:35:46,0.0,0.0,0.0,‚úÖ NORMAL FLOW
21:35:48,0.0,0.0,0.0,‚úÖ NORMAL FLOW
21:35:49,0.0,0.0,0.0,‚úÖ NORMAL FLOW
21:35:50,0.0,128.05,-128.05,‚úÖ NORMAL FLOW
21:35:51,0.0,128.7,-128.7,‚úÖ NORMAL FLOW
21:35:52,0.0,0.0,0.0,‚úÖ NORMAL FLOW
21:35:53,0.0,121.33,-121.33,‚úÖ NORMAL FLOW
21:35:55,0.0,79.73,-79.73,‚úÖ NORMAL FLOW
21:35:56,0.0,90.13,-90.13,‚úÖ NORMAL FLOW
21:35:57,0.0,51.13,-51.13,‚úÖ NORMAL FLOW
21:35:58,0.0,66.3,-66.3,‚úÖ NORMAL FLOW
21:35:59,0.0,66.73,-66.73,‚úÖ NORMAL FLOW
21:36:01,0.0,61.1,-61.1,‚úÖ NORMAL FLOW
21:36:02,0.0,66.3,-66.3,‚úÖ NORMAL FLOW
21:36:03,0.0,60.23,-60.23,‚úÖ NORMAL FLOW
21:36:04,0.0,57.63,-57.63,‚úÖ NORMAL FLOW
21:36:06,0.0,57.63,-57.63,‚úÖ NORMAL FLOW
21:36:07,0.0,58.5,-58.5,‚úÖ NORMAL FLOW
21:36:08,0.0,96.2,-96.2,‚úÖ NORMAL FLOW
21:36:09,5.06,42.03,-36.97,‚úÖ NORMAL FLOW
21:36:10,0.0,85.37,-85.37,‚úÖ NORMAL FLOW
21:36:12,0.0,83.2,-83.2,‚úÖ NORMAL FLOW
21:36:13,0.0,85.8,-85.8,‚úÖ NORMAL FLOW
21:36:14,0.0,46.8,-46.8,‚úÖ NORMAL FLOW
21:36:15,0.0,54.17,-54.17,‚úÖ NORMAL FLOW
21:36:16,0.0,48.97,-48.97,‚úÖ NORMAL FLOW
21:36:17,0.0,48.97,-48.97,‚úÖ NORMAL FLOW
21:36:19,0.0,88.83,-88.83,‚úÖ NORMAL FLOW
21:36:20,0.0,53.3,-53.3,‚úÖ NORMAL FLOW
21:36:21,0.0,102.27,-102.27,‚úÖ NORMAL FLOW
21:36:22,0.0,47.67,-47.67,‚úÖ NORMAL FLOW
21:36:24,0.0,85.8,-85.8,‚úÖ NORMAL FLOW
21:36:25,0.0,104.0,-104.0,‚úÖ NORMAL FLOW
21:36:26,0.0,49.4,-49.4,‚úÖ NORMAL FLOW
21:36:27,0.0,104.0,-104.0,‚úÖ NORMAL FLOW
21:36:28,0.0,84.5,-84.5,‚úÖ NORMAL FLOW
21:36:30,0.0,67.6,-67.6,‚úÖ NORMAL FLOW
21:36:31,0.0,105.3,-105.3,‚úÖ NORMAL FLOW
21:36:32,0.0,104.87,-104.87,‚úÖ NORMAL FLOW
21:36:33,0.0,94.47,-94.47,‚úÖ NORMAL FLOW
21:36:34,0.0,88.4,-88.4,‚úÖ NORMAL FLOW
21:36:36,0.0,69.33,-69.33,‚úÖ NORMAL FLOW
21:36:37,0.0,84.07,-84.07,‚úÖ NORMAL FLOW
21:36:38,0.0,101.83,-101.83,‚úÖ NORMAL FLOW
21:36:39,0.0,102.7,-102.7,‚úÖ NORMAL FLOW
21:36:41,0.0,92.73,-92.73,‚úÖ NORMAL FLOW
21:36:42,0.0,92.73,-92.73,‚úÖ NORMAL FLOW
21:36:43,0.0,88.83,-88.83,‚úÖ NORMAL FLOW
21:36:44,0.0,69.77,-69.77,‚úÖ NORMAL FLOW
21:36:45,0.0,92.73,-92.73,‚úÖ NORMAL FLOW
21:36:47,0.0,107.47,-107.47,‚úÖ NORMAL FLOW
21:36:48,0.0,105.3,-105.3,‚úÖ NORMAL FLOW
21:36:49,0.0,108.77,-108.77,‚úÖ NORMAL FLOW
21:36:50,0.0,111.8,-111.8,‚úÖ NORMAL FLOW
21:36:51,0.0,107.9,-107.9,‚úÖ NORMAL FLOW
21:36:53,0.0,87.97,-87.97,‚úÖ NORMAL FLOW
21:36:54,0.0,78.87,-78.87,‚úÖ NORMAL FLOW
21:36:55,0.0,77.13,-77.13,‚úÖ NORMAL FLOW
21:36:56,0.0,74.1,-74.1,‚úÖ NORMAL FLOW
21:36:58,0.0,78.0,-78.0,‚úÖ NORMAL FLOW
21:36:59,0.0,98.37,-98.37,‚úÖ NORMAL FLOW
21:37:00,0.0,110.5,-110.5,‚úÖ NORMAL FLOW
21:37:01,0.0,104.43,-104.43,‚úÖ NORMAL FLOW
21:37:02,0.0,108.33,-108.33,‚úÖ NORMAL FLOW
21:37:04,0.0,0.0,0.0,‚úÖ NORMAL FLOW
21:37:05,0.0,0.0,0.0,‚úÖ NORMAL FLOW
21:37:06,0.0,0.0,0.0,‚úÖ NORMAL FLOW
21:37:07,0.0,0.0,0.0,‚úÖ NORMAL FLOW
21:37:08,0.0,0.0,0.0,‚úÖ NORMAL FLOW
21:37:10,0.0,108.77,-108.77,‚úÖ NORMAL FLOW
21:37:11,0.0,92.95,-92.95,‚úÖ NORMAL FLOW
21:37:12,0.0,0.0,0.0,‚úÖ NORMAL FLOW
21:37:13,0.0,109.2,-109.2,‚úÖ NORMAL FLOW
21:37:15,0.0,111.8,-111.8,‚úÖ NORMAL FLOW
21:37:16,0.0,67.17,-67.17,‚úÖ NORMAL FLOW
21:37:17,0.0,75.83,-75.83,‚úÖ NORMAL FLOW
21:37:18,0.0,0.0,0.0,‚úÖ NORMAL FLOW
21:37:19,0.0,81.47,-81.47,‚úÖ NORMAL FLOW
21:37:20,0.0,87.53,-87.53,‚úÖ NORMAL FLOW
21:37:22,0.0,109.2,-109.2,‚úÖ NORMAL FLOW
21:37:23,0.0,79.3,-79.3,‚úÖ NORMAL FLOW
21:37:24,0.0,94.03,-94.03,‚úÖ NORMAL FLOW
21:37:25,0.0,91.43,-91.43,‚úÖ NORMAL FLOW
21:37:27,0.0,0.0,0.0,‚úÖ NORMAL FLOW
21:37:28,0.0,115.7,-115.7,‚úÖ NORMAL FLOW
21:37:29,0.0,74.97,-74.97,‚úÖ NORMAL FLOW
21:37:30,4.5,70.2,-65.7,‚úÖ NORMAL FLOW
21:37:31,4.5,76.7,-72.2,‚úÖ NORMAL FLOW
21:37:32,4.5,44.2,-39.7,‚úÖ NORMAL FLOW
21:37:33,0.0,66.3,-66.3,‚úÖ NORMAL FLOW
21:37:34,0.0,76.7,-76.7,‚úÖ NORMAL FLOW
21:37:36,0.0,62.4,-62.4,‚úÖ NORMAL FLOW
21:37:37,0.0,68.03,-68.03,‚úÖ NORMAL FLOW
21:37:38,0.0,61.97,-61.97,‚úÖ NORMAL FLOW
21:37:39,0.0,78.43,-78.43,‚úÖ NORMAL FLOW
21:37:40,0.0,65.43,-65.43,‚úÖ NORMAL FLOW
21:37:41,0.0,59.8,-59.8,‚úÖ NORMAL FLOW
21:37:43,0.0,57.2,-57.2,‚úÖ NORMAL FLOW
21:37:44,0.0,58.07,-58.07,‚úÖ NORMAL FLOW
21:37:45,0.0,64.57,-64.57,‚úÖ NORMAL FLOW
21:37:46,0.0,67.6,-67.6,‚úÖ NORMAL FLOW
21:37:47,0.0,68.47,-68.47,‚úÖ NORMAL FLOW
21:37:48,0.0,0.0,0.0,‚úÖ NORMAL FLOW
21:37:50,0.0,61.1,-61.1,‚úÖ NORMAL FLOW
21:37:51,0.0,59.8,-59.8,‚úÖ NORMAL FLOW
21:37:52,0.0,0.0,0.0,‚úÖ NORMAL FLOW
21:37:53,0.0,61.53,-61.53,‚úÖ NORMAL FLOW
21:37:54,0.0,76.7,-76.7,‚úÖ NORMAL FLOW
21:37:55,0.0,57.2,-57.2,‚úÖ NORMAL FLOW
21:37:56,0.0,0.0,0.0,‚úÖ NORMAL FLOW
21:37:57,0.0,61.97,-61.97,‚úÖ NORMAL FLOW
21:37:58,0.0,74.1,-74.1,‚úÖ NORMAL FLOW
21:38:00,0.0,0.0,0.0,‚úÖ NORMAL FLOW
21:38:01,0.0,75.4,-75.4,‚úÖ NORMAL FLOW
21:38:02,0.0,0.0,0.0,‚úÖ NORMAL FLOW
21:38:03,0.0,67.6,-67.6,‚úÖ NORMAL FLOW
21:38:04,0.0,70.2,-70.2,‚úÖ NORMAL FLOW
21:38:05,0.0,59.8,-59.8,‚úÖ NORMAL FLOW
21:38:06,0.0,0.0,0.0,‚úÖ NORMAL FLOW
21:38:07,0.0,0.0,0.0,‚úÖ NORMAL FLOW
21:38:09,0.0,52.87,-52.87,‚úÖ NORMAL FLOW
21:38:10,0.0,52.43,-52.43,‚úÖ NORMAL FLOW
21:38:11,0.0,42.47,-42.47,‚úÖ NORMAL FLOW
21:38:12,0.0,43.77,-43.77,‚úÖ NORMAL FLOW
21:38:13,0.0,44.63,-44.63,‚úÖ NORMAL FLOW
21:38:14,0.0,43.33,-43.33,‚úÖ NORMAL FLOW
21:38:15,0.0,46.37,-46.37,‚úÖ NORMAL FLOW
21:38:16,0.0,46.8,-46.8,‚úÖ NORMAL FLOW
21:38:17,0.0,46.37,-46.37,‚úÖ NORMAL FLOW
21:38:19,0.0,48.53,-48.53,‚úÖ NORMAL FLOW
21:38:20,0.0,47.23,-47.23,‚úÖ NORMAL FLOW
21:38:21,0.0,4.77,-4.77,‚úÖ NORMAL FLOW
21:38:22,0.0,32.07,-32.07,‚úÖ NORMAL FLOW
21:38:23,0.0,10.83,-10.83,‚úÖ NORMAL FLOW
21:38:24,0.0,12.57,-12.57,‚úÖ NORMAL FLOW
21:38:25,0.0,9.53,-9.53,‚úÖ NORMAL FLOW
21:38:26,18.0,9.53,8.47,üö® FULL BLOCKAGE
21:38:27,0.0,12.57,-12.57,‚úÖ NORMAL FLOW
21:38:29,0.0,8.67,-8.67,‚úÖ NORMAL FLOW
21:38:30,0.0,9.1,-9.1,‚úÖ NORMAL FLOW
21:38:31,0.0,8.67,-8.67,‚úÖ NORMAL FLOW
21:38:32,0.0,8.67,-8.67,‚úÖ NORMAL FLOW
21:38:33,0.0,8.23,-8.23,‚úÖ NORMAL FLOW
21:38:34,0.0,8.23,-8.23,‚úÖ NORMAL FLOW
21:38:35,18.0,9.1,8.9,üö® FULL BLOCKAGE
21:38:36,0.0,8.67,-8.67,‚úÖ NORMAL FLOW
21:38:37,10.13,9.1,1.0300000000000011,‚ö†Ô∏è PARTIAL BLOCKAGE
21:38:38,20.25,8.23,12.02,üö® FULL BLOCKAGE
21:38:39,15.38,8.67,6.710000000000001,üö® FULL BLOCKAGE
21:38:41,11.25,8.67,2.58,üö® FULL BLOCKAGE
21:38:42,10.13,8.23,1.9000000000000004,‚ö†Ô∏è PARTIAL BLOCKAGE
21:38:43,7.87,8.23,-0.3600000000000003,‚úÖ NORMAL FLOW
21:38:44,7.87,7.8,0.07000000000000028,‚úÖ NORMAL FLOW
21:38:45,7.87,9.1,-1.2299999999999995,‚úÖ NORMAL FLOW
21:38:46,7.87,8.23,-0.3600000000000003,‚úÖ NORMAL FLOW
21:38:47,7.87,8.67,-0.7999999999999998,‚úÖ NORMAL FLOW
21:38:48,7.87,9.1,-1.2299999999999995,‚úÖ NORMAL FLOW
21:38:49,7.87,9.1,-1.2299999999999995,‚úÖ NORMAL FLOW
21:38:50,7.87,7.8,0.07000000000000028,‚úÖ NORMAL FLOW
21:38:51,7.87,8.67,-0.7999999999999998,‚úÖ NORMAL FLOW
21:38:53,7.5,8.23,-0.7300000000000004,‚úÖ NORMAL FLOW
21:38:54,7.5,8.67,-1.17,‚úÖ NORMAL FLOW
21:38:55,6.75,9.1,-2.3499999999999996,‚úÖ NORMAL FLOW
21:38:56,7.87,8.23,-0.3600000000000003,‚úÖ NORMAL FLOW
21:38:57,7.87,7.8,0.07000000000000028,‚úÖ NORMAL FLOW
21:38:58,7.87,8.67,-0.7999999999999998,‚úÖ NORMAL FLOW
21:38:59,7.87,9.1,-1.2299999999999995,‚úÖ NORMAL FLOW
21:39:00,7.87,9.1,-1.2299999999999995,‚úÖ NORMAL FLOW
21:39:01,7.87,7.8,0.07000000000000028,‚úÖ NORMAL FLOW
21:39:02,7.87,9.1,-1.2299999999999995,‚úÖ NORMAL FLOW
21:39:03,7.87,10.4,-2.5300000000000002,‚úÖ NORMAL FLOW
21:39:05,7.87,10.4,-2.5300000000000002,‚úÖ NORMAL FLOW
21:39:06,7.87,13.0,-5.13,‚úÖ NORMAL FLOW
21:39:07,7.87,11.7,-3.829999999999999,‚úÖ NORMAL FLOW
21:39:08,7.87,9.1,-1.2299999999999995,‚úÖ NORMAL FLOW
21:39:09,7.87,8.23,-0.3600000000000003,‚úÖ NORMAL FLOW
21:39:10,7.87,9.1,-1.2299999999999995,‚úÖ NORMAL FLOW
21:39:11,7.87,9.1,-1.2299999999999995,‚úÖ NORMAL FLOW
21:39:12,7.87,9.1,-1.2299999999999995,‚úÖ NORMAL FLOW
21:39:13,7.87,9.1,-1.2299999999999995,‚úÖ NORMAL FLOW
21:39:15,7.87,9.1,-1.2299999999999995,‚úÖ NORMAL FLOW
21:39:16,7.87,9.1,-1.2299999999999995,‚úÖ NORMAL FLOW
21:39:17,7.87,9.1,-1.2299999999999995,‚úÖ NORMAL FLOW
21:39:18,7.87,9.1,-1.2299999999999995,‚úÖ NORMAL FLOW
21:39:19,7.87,9.1,-1.2299999999999995,‚úÖ NORMAL FLOW
21:39:20,7.87,9.1,-1.2299999999999995,‚úÖ NORMAL FLOW
21:39:21,7.87,9.1,-1.2299999999999995,‚úÖ NORMAL FLOW
21:39:22,7.87,9.1,-1.2299999999999995,‚úÖ NORMAL FLOW
21:39:23,7.87,9.1,-1.2299999999999995,‚úÖ NORMAL FLOW
21:39:24,7.87,9.1,-1.2299999999999995,‚úÖ NORMAL FLOW
21:39:25,7.87,9.1,-1.2299999999999995,‚úÖ NORMAL FLOW
21:39:26,7.87,9.1,-1.2299999999999995,‚úÖ NORMAL FLOW
21:39:28,7.87,9.1,-1.2299999999999995,‚úÖ NORMAL FLOW
21:39:29,7.87,9.1,-1.2299999999999995,‚úÖ NORMAL FLOW
21:39:30,7.87,9.1,-1.2299999999999995,‚úÖ NORMAL FLOW
21:39:31,7.87,9.1,-1.2299999999999995,‚úÖ NORMAL FLOW
21:39:32,7.87,9.1,-1.2299999999999995,‚úÖ NORMAL FLOW
21:39:33,7.87,9.1,-1.2299999999999995,‚úÖ NORMAL FLOW
21:39:34,7.87,9.1,-1.2299999999999995,‚úÖ NORMAL FLOW
21:39:35,7.87,9.1,-1.2299999999999995,‚úÖ NORMAL FLOW
21:39:36,7.87,9.1,-1.2299999999999995,‚úÖ NORMAL FLOW
21:39:37,7.87,9.1,-1.2299999999999995,‚úÖ NORMAL FLOW
21:39:38,7.87,9.1,-1.2299999999999995,‚úÖ NORMAL FLOW
21:39:39,7.87,9.1,-1.2299999999999995,‚úÖ NORMAL FLOW
21:39:40,7.87,9.1,-1.2299999999999995,‚úÖ NORMAL FLOW
21:39:41,7.87,9.1,-1.2299999999999995,‚úÖ NORMAL FLOW
21:39:43,7.87,9.1,-1.2299999999999995,‚úÖ NORMAL FLOW
21:39:44,7.87,9.1,-1.2299999999999995,‚úÖ NORMAL FLOW
21:39:45,7.87,9.1,-1.2299999999999995,‚úÖ NORMAL FLOW
21:39:46,7.87,9.1,-1.2299999999999995,‚úÖ NORMAL FLOW
21:39:47,7.87,9.1,-1.2299999999999995,‚úÖ NORMAL FLOW
21:39:48,0.0,9.1,-9.1,‚úÖ NORMAL FLOW
21:39:49,0.0,9.1,-9.1,‚úÖ NORMAL FLOW
21:39:50,6.75,9.1,-2.3499999999999996,‚úÖ NORMAL FLOW
21:39:51,6.75,9.1,-2.3499999999999996,‚úÖ NORMAL FLOW
21:39:52,7.12,9.1,-1.9799999999999995,‚úÖ NORMAL FLOW
21:39:54,7.12,9.1,-1.9799999999999995,‚úÖ NORMAL FLOW
21:39:55,7.87,9.1,-1.2299999999999995,‚úÖ NORMAL FLOW
21:39:57,5.62,9.1,-3.4799999999999995,‚úÖ NORMAL FLOW
21:39:58,7.87,9.1,-1.2299999999999995,‚úÖ NORMAL FLOW
21:39:59,7.87,9.1,-1.2299999999999995,‚úÖ NORMAL FLOW
21:40:00,7.87,8.23,-0.3600000000000003,‚úÖ NORMAL FLOW
21:40:01,7.87,7.8,0.07000000000000028,‚úÖ NORMAL FLOW
21:40:02,9.0,9.1,-0.09999999999999964,‚úÖ NORMAL FLOW
21:40:03,7.87,1.3,6.57,üö® FULL BLOCKAGE
21:40:05,7.87,11.27,-3.3999999999999995,‚úÖ NORMAL FLOW
21:40:06,6.75,9.1,-2.3499999999999996,‚úÖ NORMAL FLOW
21:40:07,7.5,9.97,-2.4700000000000006,‚úÖ NORMAL FLOW
21:40:08,7.87,9.97,-2.1000000000000005,‚úÖ NORMAL FLOW
21:40:09,7.87,10.83,-2.96,‚úÖ NORMAL FLOW
21:40:10,7.5,12.13,-4.630000000000001,‚úÖ NORMAL FLOW
21:40:11,5.62,11.7,-6.079999999999999,‚úÖ NORMAL FLOW
21:40:12,6.75,10.4,-3.6500000000000004,‚úÖ NORMAL FLOW
21:40:13,6.75,11.7,-4.949999999999999,‚úÖ NORMAL FLOW
21:40:15,6.75,11.7,-4.949999999999999,‚úÖ NORMAL FLOW
21:40:16,6.75,11.7,-4.949999999999999,‚úÖ NORMAL FLOW
21:40:17,9.38,11.7,-2.3199999999999985,‚úÖ NORMAL FLOW
21:40:18,11.63,11.7,-0.06999999999999851,‚úÖ NORMAL FLOW
21:40:19,18.75,11.7,7.050000000000001,üö® FULL BLOCKAGE
21:40:20,20.62,11.7,8.920000000000002,üö® FULL BLOCKAGE
21:41:01,6.75,11.7,-4.949999999999999,‚úÖ NORMAL FLOW
21:41:02,6.75,11.7,-4.949999999999999,‚úÖ NORMAL FLOW
21:41:03,6.75,11.7,-4.949999999999999,‚úÖ NORMAL FLOW
21:41:05,6.75,11.7,-4.949999999999999,‚úÖ NORMAL FLOW
21:41:06,6.75,11.7,-4.949999999999999,‚úÖ NORMAL FLOW
21:41:07,6.75,11.7,-4.949999999999999,‚úÖ NORMAL FLOW
21:41:08,6.75,11.7,-4.949999999999999,‚úÖ NORMAL FLOW
21:41:09,6.75,11.7,-4.949999999999999,‚úÖ NORMAL FLOW
21:41:10,6.75,11.7,-4.949999999999999,‚úÖ NORMAL FLOW
21:41:11,6.75,11.7,-4.949999999999999,‚úÖ NORMAL FLOW
21:41:12,6.75,11.7,-4.949999999999999,‚úÖ NORMAL FLOW
21:41:14,6.75,11.7,-4.949999999999999,‚úÖ NORMAL FLOW
21:41:15,9.38,11.7,-2.3199999999999985,‚úÖ NORMAL FLOW
21:41:16,6.75,11.7,-4.949999999999999,‚úÖ NORMAL FLOW
